"id","model_name","release_date","price_at_launch","sim_specs","wifi","bluetooth","gps","nfc","usb","dimensions","weight","build_materials","colors","display_type","display_size","resolution","protection","refresh_rate","os","chipset","cpu","gpu","ram","internal_storage","expandable_storage","rear_camera","front_camera","sound_specs","battery_capacity","battery_type","charging_speed","wireless_charging","sensors","additional_features"
1,"Samsung Galaxy S24 Ultra","January 2024","1199.00","Nano SIM and eSIM or Dual SIM (2 Nano SIMs and eSIM, dual stand-by)","Wi-Fi 802.11 a/b/g/n/ac/6e/7, tri-band","5.3, A2DP, LE","Yes, with A-GPS, GLONASS, BDS, GALILEO",True,"USB Type-C 3.2, OTG","162.3 x 79 x 8.6 mm","232","Glass front (Gorilla Glass Victus 2), glass back (Gorilla Glass Victus 2), aluminum frame","Phantom Black, Green, Cream, Phantom White","Dynamic AMOLED 2X, 120Hz, HDR10+, 2600 nits (peak)","6.8 inches","1440 x 3120 pixels","Corning Gorilla Glass Victus 2","1-120Hz","Android 14, One UI 6.1","Qualcomm Snapdragon 8 Gen 3 (4 nm)","Octa-core (1x3.39 GHz Cortex-X4 & 3x3.1 GHz Cortex-A720 & 2x2.9 GHz Cortex-A720 & 2x2.2 GHz Cortex-A520)","Adreno 750","12GB","256GB, 512GB, 1TB","No","200 MP, f/1.7 (wide) + 50 MP, f/3.4 (periscope telephoto), 5x optical zoom + 10 MP, f/2.4 (telephoto), 3x optical zoom + 12 MP, f/2.2 (ultrawide)","12 MP, f/2.2 (wide)","Stereo speakers, no 3.5mm jack","5000 mAh","Li-Ion","45W wired",True,"Fingerprint (under display, ultrasonic), accelerometer, gyro, proximity, compass, barometer","IP68 dust/water resistant (up to 1.5m for 30 mins), Stylus support (Bluetooth integration, accelerometer, gyro)"
2,"Samsung Galaxy A55","March 2024","439.00","Dual SIM (Nano-SIM, dual stand-by)","Wi-Fi 802.11 a/b/g/n/ac/6, dual-band","5.3, A2DP, LE","Yes, with A-GPS, GLONASS, BDS, GALILEO",True,"USB Type-C 2.0","161.1 x 77.4 x 8.2 mm","213","Glass front (Gorilla Glass Victus+), plastic back, plastic frame","Awesome Iceblue, Awesome Lilac, Awesome Lemon, Awesome Navy","Super AMOLED, 120Hz, HDR10+, 1000 nits (HBM)","6.6 inches","1080 x 2340 pixels","Corning Gorilla Glass Victus+","120Hz","Android 14, One UI 6.1","Exynos 1480 (4 nm)","Octa-core (4x2.75 GHz Cortex-A78 & 4x2.0 GHz Cortex-A55)","Xclipse 530","6GB, 8GB, 12GB","128GB, 256GB","microSDXC (up to 1 TB)","50 MP, f/1.8 (wide) + 12 MP, f/2.2, 123˚ (ultrawide) + 5 MP, f/2.4 (macro)","32 MP, f/2.2, 26mm (wide)","Stereo speakers, no 3.5mm jack","5000 mAh","Li-Ion","25W wired",False,"Fingerprint (under display, optical), accelerometer, gyro, proximity, compass","IP67 dust/water resistant (up to 1m for 30 mins)"
3,"Samsung Galaxy S24","January 2024","799.00","Nano SIM and eSIM or Dual SIM (2 Nano SIMs and eSIM, dual stand-by)","Wi-Fi 802.11 a/b/g/n/ac/6e/7, tri-band","5.3, A2DP, LE","Yes, with A-GPS, GLONASS, BDS, GALILEO",True,"USB Type-C 3.2, OTG","147 x 70.6 x 7.6 mm","167","Glass front (Gorilla Glass Victus 2), glass back (Gorilla Glass Victus 2), aluminum frame","Phantom Black, Green, Cream, Phantom White","Dynamic AMOLED 2X, 120Hz, HDR10+, 2600 nits (peak)","6.2 inches","1080 x 2340 pixels","Corning Gorilla Glass Victus 2","1-120Hz","Android 14, One UI 6.1","Qualcomm Snapdragon 8 Gen 3 (4 nm)","Octa-core (1x3.39 GHz Cortex-X4 & 3x3.1 GHz Cortex-A720 & 2x2.9 GHz Cortex-A720 & 2x2.2 GHz Cortex-A520)","Adreno 750","8GB","128GB, 256GB, 512GB","No","50 MP, f/1.8 (wide) + 12 MP, f/2.2 (ultrawide) + 10 MP, f/2.4 (telephoto), 3x optical zoom","12 MP, f/2.2 (wide)","Stereo speakers, no 3.5mm jack","4000 mAh","Li-Ion","25W wired",True,"Fingerprint (under display, ultrasonic), accelerometer, gyro, proximity, compass, barometer","IP68 dust/water resistant (up to 1.5m for 30 mins)"
4,"Samsung Galaxy S22 Ultra 5G","February 2022","1199.00","Nano SIM and eSIM or Dual SIM (2 Nano SIMs and eSIM, dual stand-by)","Wi-Fi 802.11 a/b/g/n/ac/6e, dual-band","5.2, A2DP, LE","Yes, with A-GPS, GLONASS, BDS, GALILEO",True,"USB Type-C 3.2, OTG","163.3 x 77.9 x 8.9 mm","228","Glass front (Gorilla Glass Victus+), glass back (Gorilla Glass Victus+), aluminum frame","Phantom Black, White, Burgundy, Green","Dynamic AMOLED 2X, 120Hz, HDR10+, 1750 nits (peak)","6.8 inches","1440 x 3088 pixels","Corning Gorilla Glass Victus+","1-120Hz","Android 12, One UI 4.1","Exynos 2200 (4 nm)","Octa-core (1x2.8 GHz Cortex-X2 & 3x2.50 GHz Cortex-A710 & 4x1.8 GHz Cortex-A510)","Xclipse 920","8GB, 12GB","128GB, 256GB, 512GB, 1TB","No","108 MP, f/1.8 (wide) + 10 MP, f/4.9 (periscope telephoto), 10x optical zoom + 10 MP, f/2.4 (telephoto), 3x optical zoom + 12 MP, f/2.2 (ultrawide)","40 MP, f/2.2 (wide)","Stereo speakers, no 3.5mm jack","5000 mAh","Li-Ion","45W wired",True,"Fingerprint (under display, ultrasonic), accelerometer, gyro, proximity, compass, barometer","IP68 dust/water resistant (up to 1.5m for 30 mins), Stylus support (Bluetooth integration, accelerometer, gyro)"
5,"Samsung Galaxy S24 FE","September 2024","649.99","Dual Nano SIM + eSIM","Wi-Fi 802.11 a/b/g/n/ac/6e, dual-band","5.3, A2DP, LE","Yes, with A-GPS, GLONASS, BeiDou, Galileo, QZSS",True,"USB Type-C 3.2","162 x 77.3 x 8 mm","213","Glass front (Gorilla Glass Victus+), glass back, aluminum frame","Graphite, Gray, Blue, Yellow, Mint","Dynamic AMOLED 2X, 120Hz, HDR10+, 1900 nits (peak)","6.7 inches","1080 x 2340 pixels","Corning Gorilla Glass Victus+","60-120Hz","Android 14, One UI 6.1","Samsung Exynos 2400e (4 nm)","Deca-core (1x3.11 GHz Cortex-X4 & 2x2.9 GHz Cortex-A720 & 3x2.6 GHz Cortex-A720 & 4x1.95 GHz Cortex-A520)","Xclipse 940","8GB","128GB, 256GB, 512GB","No","50 MP, f/1.8 (wide) + 8 MP, f/2.4 (telephoto), 3x optical zoom + 12 MP, f/2.2 (ultrawide)","10 MP, f/2.4 (wide)","Stereo speakers, no 3.5mm jack","4700 mAh","Li-Polymer","25W wired, 15W wireless",True,"Fingerprint (under display, optical), accelerometer, gyro, proximity, compass","IP68 dust/water resistant (up to 1.5m for 30 mins), AI-powered features"
6,"Samsung Galaxy S23 Ultra","February 2023","1199.99","Dual Nano SIM + eSIM","Wi-Fi 802.11 a/b/g/n/ac/6e, tri-band","5.3, A2DP, LE","Yes, with A-GPS, GLONASS, BDS, GALILEO",True,"USB Type-C 3.2, OTG","163.4 x 78.1 x 8.9 mm","234","Glass front (Gorilla Glass Victus 2), glass back (Gorilla Glass Victus 2), aluminum frame","Phantom Black, Green, Cream, Lavender","Dynamic AMOLED 2X, 120Hz, HDR10+, 1750 nits (peak)","6.8 inches","1440 x 3088 pixels","Corning Gorilla Glass Victus 2","1-120Hz","Android 13, One UI 5.1","Qualcomm Snapdragon 8 Gen 2 (4 nm)","Octa-core (1x3.36 GHz Cortex-X3 & 2x2.8 GHz Cortex-A715 & 2x2.8 GHz Cortex-A710 & 3x2.0 GHz Cortex-A510)","Adreno 740","8GB, 12GB","256GB, 512GB, 1TB","No","200 MP, f/1.7 (wide) + 10 MP, f/4.9 (periscope telephoto), 10x optical zoom + 10 MP, f/2.4 (telephoto), 3x optical zoom + 12 MP, f/2.2 (ultrawide)","12 MP, f/2.2 (wide)","Stereo speakers, no 3.5mm jack","5000 mAh","Li-Ion","45W wired, 15W wireless",True,"Fingerprint (under display, ultrasonic), accelerometer, gyro, proximity, compass, barometer","IP68 dust/water resistant (up to 1.5m for 30 mins), Stylus support (Bluetooth integration, accelerometer, gyro)"
7,"Samsung Galaxy S21 Ultra 5G","January 2021","1199.99","Nano-SIM and eSIM or Dual SIM (2 Nano-SIMs and eSIM, dual stand-by)","Wi-Fi 802.11 a/b/g/n/ac/6e, dual-band","5.2, A2DP, LE","Yes, with A-GPS, GLONASS, BDS, GALILEO",True,"USB Type-C 3.2, OTG","165.1 x 75.6 x 8.9 mm","228","Glass front (Gorilla Glass Victus), glass back (Gorilla Glass Victus), aluminum frame","Phantom Black, Phantom Silver, Phantom Titanium, Phantom Navy, Phantom Brown","Dynamic AMOLED 2X, 120Hz, HDR10+, 1500 nits (peak)","6.8 inches","1440 x 3200 pixels","Corning Gorilla Glass Victus","10-120Hz","Android 11, upgradable to Android 13, One UI 5.1","Exynos 2100 (5 nm) - International, Qualcomm SM8350 Snapdragon 888 (5 nm) - USA/China","Octa-core (1x2.9 GHz Cortex-X1 & 3x2.80 GHz Cortex-A78 & 4x2.2 GHz Cortex-A55) - International, Octa-core (1x2.84 GHz Cortex-X1 & 3x2.42 GHz Cortex-A78 & 4x1.8 GHz Cortex-A55) - USA/China","Mali-G78 MP14 - International, Adreno 660 - USA/China","12GB, 16GB","128GB, 256GB, 512GB","No","108 MP, f/1.8 (wide) + 10 MP, f/4.9 (periscope telephoto), 10x optical zoom + 10 MP, f/2.4 (telephoto), 3x optical zoom + 12 MP, f/2.2 (ultrawide)","40 MP, f/2.2 (wide)","Stereo speakers, no 3.5mm jack","5000 mAh","Li-Ion","25W wired, 15W wireless",True,"Fingerprint (under display, ultrasonic), accelerometer, gyro, proximity, compass, barometer","IP68 dust/water resistant (up to 1.5m for 30 mins), Stylus support (S Pen)"
8,"Samsung Galaxy S23","February 2023","849.00","Dual Nano SIM; eSIM","Wi-Fi 802.11 a/b/g/n/ac/6e, tri-band","5.3, A2DP, LE","Yes, with A-GPS, GLONASS, BDS, GALILEO",True,"USB Type-C 3.2","146.3 x 70.9 x 7.6 mm","168","Glass front (Gorilla Glass Victus 2), glass back (Gorilla Glass Victus 2), aluminum frame","Phantom Black, Cream, Green, Lavender, Lime, Graphite","Dynamic AMOLED 2X, 120Hz, HDR10+","6.1 inches","1080 x 2340 pixels","Corning Gorilla Glass Victus 2","48-120Hz","Android 13, One UI 5.1","Qualcomm Snapdragon 8 Gen 2 (4 nm)","Octa-core (1x3.36 GHz Cortex-X3 & 2x2.8 GHz Cortex-A715 & 2x2.8 GHz Cortex-A710 & 3x2.0 GHz Cortex-A510)","Adreno 740","8GB","128GB, 256GB, 512GB","No","50 MP, f/1.8 (wide) + 10 MP, f/2.4 (telephoto), 3x optical zoom + 12 MP, f/2.2 (ultrawide)","12 MP, f/2.2 (wide)","Stereo speakers, no 3.5mm jack","3900 mAh","Li-Po","25W wired, 15W wireless",True,"Fingerprint (under display, ultrasonic), accelerometer, gyro, proximity, compass, barometer","IP68 dust/water resistant (up to 1.5m for 30 mins)"
9,"Samsung Galaxy S22 5G","February 2022","799.00","Nano-SIM and eSIM or Dual SIM (2 Nano-SIMs and eSIM, dual stand-by)","Wi-Fi 802.11 a/b/g/n/ac/6e, dual-band","5.2, A2DP, LE","Yes, with A-GPS, GLONASS, BDS, GALILEO",True,"USB Type-C 3.2, OTG","146 x 70.6 x 7.6 mm","167","Glass front (Gorilla Glass Victus+), glass back (Gorilla Glass Victus+), aluminum frame","Phantom Black, White, Pink Gold, Green","Dynamic AMOLED 2X, 120Hz, HDR10+, 1300 nits (peak)","6.1 inches","1080 x 2340 pixels","Corning Gorilla Glass Victus+","48-120Hz","Android 12, upgradable to Android 14, One UI 6.1","Exynos 2200 (4 nm) - International, Qualcomm SM8450 Snapdragon 8 Gen 1 (4 nm) - USA/China","Octa-core (1x2.8 GHz Cortex-X2 & 3x2.50 GHz Cortex-A710 & 4x1.8 GHz Cortex-A510) - International, Octa-core (1x3.00 GHz Cortex-X2 & 3x2.50 GHz Cortex-A710 & 4x1.80 GHz Cortex-A510) - USA/China","Xclipse 920 - International, Adreno 730 - USA/China","8GB","128GB, 256GB","No","50 MP, f/1.8 (wide) + 10 MP, f/2.4 (telephoto), 3x optical zoom + 12 MP, f/2.2 (ultrawide)","10 MP, f/2.2 (wide)","Stereo speakers, no 3.5mm jack","3700 mAh","Li-Ion","25W wired, 15W wireless",True,"Fingerprint (under display, ultrasonic), accelerometer, gyro, proximity, compass, barometer","IP68 dust/water resistant (up to 1.5m for 30 mins)"
10,"Samsung Galaxy S21 5G","January 2021","799.00","Nano-SIM and eSIM or Dual SIM (2 Nano-SIMs and eSIM, dual stand-by)","Wi-Fi 802.11 a/b/g/n/ac/6, dual-band","5.0, A2DP, LE","Yes, with A-GPS, GLONASS, BDS, GALILEO",True,"USB Type-C 3.2, OTG","151.7 x 71.2 x 7.9 mm","169","Glass front (Gorilla Glass Victus), plastic back, aluminum frame","Phantom Gray, Phantom White, Phantom Violet, Phantom Pink","Dynamic AMOLED 2X, 120Hz, HDR10+, 1300 nits (peak)","6.2 inches","1080 x 2400 pixels","Corning Gorilla Glass Victus","48-120Hz","Android 11, upgradable to Android 14, One UI 6.1","Exynos 2100 (5 nm) - International, Qualcomm SM8350 Snapdragon 888 (5 nm) - USA/China","Octa-core (1x2.9 GHz Cortex-X1 & 3x2.80 GHz Cortex-A78 & 4x2.2 GHz Cortex-A55) - International, Octa-core (1x2.84 GHz Cortex-X1 & 3x2.42 GHz Cortex-A78 & 4x1.80 GHz Cortex-A55) - USA/China","Mali-G78 MP14 - International, Adreno 660 - USA/China","8GB","128GB, 256GB","No","12 MP, f/1.8 (wide) + 64 MP, f/2.0 (telephoto), 1.1x optical zoom, 3x hybrid zoom + 12 MP, f/2.2 (ultrawide)","10 MP, f/2.2 (wide)","Stereo speakers, no 3.5mm jack","4000 mAh","Li-Ion","25W wired, 15W wireless",True,"Fingerprint (under display, ultrasonic), accelerometer, gyro, proximity, compass, barometer","IP68 dust/water resistant (up to 1.5m for 30 mins)"
11,"Samsung Galaxy S21 FE","January 2022","699.00","Dual Nano SIM; eSIM","Wi-Fi 802.11 a/b/g/n/ac/6, dual-band","5.0, A2DP, LE","Yes, with A-GPS, GLONASS, BDS, GALILEO",True,"USB Type-C 3.2","155.7 x 74.5 x 7.9 mm","177","Glass front (Gorilla Glass Victus), plastic back, aluminum frame","White, Graphite, Lavender, Olive","Dynamic AMOLED 2X, 120Hz, HDR10+","6.4 inches","1080 x 2400 pixels","Corning Gorilla Glass Victus","120Hz","Android 12, upgradable to Android 14, One UI 6.1","Qualcomm Snapdragon 888 (5 nm)","Octa-core (1x2.84 GHz Cortex-X1 & 3x2.42 GHz Cortex-A78 & 4x1.80 GHz Cortex-A55)","Adreno 660","6GB, 8GB","128GB, 256GB","No","12 MP, f/1.8 (wide) + 8 MP, f/2.4 (telephoto), 3x optical zoom + 12 MP, f/2.2 (ultrawide)","32 MP, f/2.2 (wide)","Stereo speakers, no 3.5mm jack","4500 mAh","Li-Ion","25W wired, 15W wireless",True,"Fingerprint (under display, optical), accelerometer, gyro, proximity, compass","IP68 dust/water resistant (up to 1.5m for 30 mins)"
12,"Samsung Galaxy A54","March 2023","449.00","Dual Nano SIM; eSIM","Wi-Fi 802.11 a/b/g/n/ac/6, dual-band","5.3, A2DP, LE","Yes, with A-GPS, GLONASS, BDS, GALILEO",True,"USB Type-C 2.0","158.2 x 76.7 x 8.2 mm","202","Glass front (Gorilla Glass 5), plastic back, plastic frame","Lime, Graphite, Violet, White","Super AMOLED, 120Hz, HDR10+, 1000 nits (HBM)","6.4 inches","1080 x 2340 pixels","Corning Gorilla Glass 5","120Hz","Android 13, upgradable to Android 14, One UI 6.1","Exynos 1380 (5 nm)","Octa-core (4x2.4 GHz Cortex-A78 & 4x2.0 GHz Cortex-A55)","Mali-G68 MP5","6GB, 8GB","128GB, 256GB","Yes, microSDXC (uses shared SIM slot)","50 MP, f/1.8 (wide) + 12 MP, f/2.2 (ultrawide) + 5 MP, f/2.4 (macro)","32 MP, f/2.2 (wide)","Stereo speakers, no 3.5mm jack","5000 mAh","Li-Po","25W wired",False,"Fingerprint (under display, optical), accelerometer, gyro, proximity, compass","IP67 dust/water resistant (up to 1m for 30 mins)"
13,"Samsung Galaxy S10","March 2019","899.00","Single SIM (Nano-SIM) or Hybrid Dual SIM (Nano-SIM, dual stand-by)","Wi-Fi 802.11 a/b/g/n/ac/ax, dual-band, Wi-Fi Direct, hotspot","5.0, A2DP, LE, aptX","Yes, with A-GPS, GLONASS, BDS, GALILEO",True,"USB Type-C 3.1, OTG","149.9 x 70.4 x 7.8 mm","157","Glass front (Gorilla Glass 6), glass back (Gorilla Glass 5), aluminum frame","Prism White, Prism Black, Prism Green, Prism Blue, Canary Yellow, Flamingo Pink, Ceramic Black, Ceramic White","Dynamic AMOLED, HDR10+","6.1 inches","1440 x 3040 pixels","Corning Gorilla Glass 6","60Hz","Android 9.0 (Pie), upgradable to Android 12, One UI 4.1","Exynos 9820 (8 nm) - EMEA, Qualcomm SM8150 Snapdragon 855 (7 nm) - USA/LATAM, China","Octa-core (2x2.73 GHz Mongoose M4 & 2x2.31 GHz Cortex-A75 & 4x1.95 GHz Cortex-A55) - EMEA, Octa-core (1x2.84 GHz Kryo 485 & 3x2.42 GHz Kryo 485 & 4x1.78 GHz Kryo 485) - USA/LATAM, China","Mali-G76 MP12 - EMEA, Adreno 640 - USA/LATAM, China","8GB","128GB, 512GB","Yes, microSDXC (uses shared SIM slot)","12 MP, f/1.5-2.4, 26mm (wide), 1/2.55"", 1.4µm, Dual Pixel PDAF, OIS + 12 MP, f/2.4, 52mm (telephoto), 1/3.6"", 1.0µm, AF, OIS, 2x optical zoom + 16 MP, f/2.2, 12mm (ultrawide)","10 MP, f/1.9, 26mm (wide), Dual Pixel PDAF","Stereo speakers, 3.5mm jack","3400 mAh","Li-Ion","15W wired, 15W wireless",True,"Fingerprint (under display, ultrasonic), accelerometer, gyro, proximity, compass, barometer, heart rate, SpO2","IP68 dust/water resistant (up to 1.5m for 30 mins), Samsung DeX support"
14,"Samsung Galaxy S24+","January 2024","999.00","Dual Nano SIM; eSIM","Wi-Fi 802.11 a/b/g/n/ac/6e, tri-band","5.3, A2DP, LE","Yes, with A-GPS, GLONASS, BDS, GALILEO",True,"USB Type-C 3.2","158.5 x 75.9 x 7.7 mm","196","Glass front (Gorilla Glass Victus 2), glass back (Gorilla Glass Victus 2), aluminum frame","Onyx Black, Marble Grey, Cobalt Violet, Amber Yellow, Jade Green, Sandstone Orange, Sapphire Blue","Dynamic AMOLED 2X, 120Hz, HDR10+","6.7 inches","3120 x 1440 pixels","Corning Gorilla Glass Victus 2","1-120Hz","Android 14","Qualcomm Snapdragon 8 Gen 3 (4 nm)","Octa-core (1x3.39 GHz Cortex-X4 & 3x3.1 GHz Cortex-A720 & 2x2.9 GHz Cortex-A720 & 2x2.2 GHz Cortex-A520)","Adreno 750","12GB","256GB, 512GB","No","50 MP, f/1.8 (wide) + 10 MP, f/2.4 (telephoto), 3x optical zoom + 12 MP, f/2.2 (ultrawide)","12 MP, f/2.2 (wide)","Stereo speakers, no 3.5mm jack","4900 mAh","Li-Ion","45W wired, 15W wireless",True,"Fingerprint (under display, ultrasonic), accelerometer, gyro, proximity, compass, barometer","IP68 dust/water resistant (up to 1.5m for 30 mins)"
15,"Samsung Galaxy S23 FE","October 2023","599.00","Dual Nano SIM; eSIM","Wi-Fi 802.11 a/b/g/n/ac/6e, dual-band","5.3, A2DP, LE","Yes, with A-GPS, GLONASS, GALILEO, BDS",True,"USB Type-C 3.2, OTG","158.0 x 76.5 x 8.2 mm","209","Glass front (Gorilla Glass 5), plastic back, aluminum frame","Graphite, Mint, Purple","Dynamic AMOLED 2X, 120Hz, HDR10+, 1450 nits (peak)","6.4 inches","1080 x 2340 pixels","Corning Gorilla Glass 5","60-120Hz","Android 13, One UI 5.1","Exynos 2200 (4 nm) - International; Qualcomm SM8450 Snapdragon 8 Gen 1 (4 nm) - USA","Octa-core (1x2.8 GHz Cortex-X2 & 3x2.50 GHz Cortex-A710 & 4x1.8 GHz Cortex-A510) - International; Octa-core (1x3.00 GHz Cortex-X2 & 3x2.50 GHz Cortex-A710 & 4x1.80 GHz Cortex-A510) - USA","Xclipse 920 - International; Adreno 730 - USA","8GB","128GB, 256GB","No","50 MP, f/1.8 (wide) + 8 MP, f/2.4 (telephoto), 3x optical zoom + 12 MP, f/2.2 (ultrawide)","10 MP, f/2.4 (wide)","Stereo speakers, no 3.5mm jack","4500 mAh","Li-Ion","25W wired, 15W wireless",True,"Fingerprint (under display, optical), accelerometer, gyro, compass","IP68 dust/water resistant (up to 1.5m for 30 mins)"
16,"Samsung Galaxy A12","December 2020","179.00","Single SIM (Nano-SIM) or Dual SIM (Nano-SIM, dual stand-by)","Wi-Fi 802.11 b/g/n, Wi-Fi Direct, hotspot","5.0, A2DP, LE","Yes, with A-GPS, GLONASS, GALILEO, BDS",True,"USB Type-C 2.0","164 x 75.8 x 8.9 mm","205","Glass front, plastic back, plastic frame","Black, White, Blue, Red","PLS LCD","6.5 inches","720 x 1600 pixels",NULL,"60Hz","Android 10, upgradable to Android 12, One UI 4.1","Mediatek MT6765 Helio P35 (12nm)","Octa-core (4x2.35 GHz Cortex-A53 & 4x1.8 GHz Cortex-A53)","PowerVR GE8320","3GB, 4GB, 6GB","32GB, 64GB, 128GB","Yes, microSDXC (dedicated slot)","48 MP, f/2.0 (wide) + 5 MP, f/2.2 (ultrawide) + 2 MP, f/2.4 (macro) + 2 MP, f/2.4 (depth)","8 MP, f/2.2","Loudspeaker, 3.5mm jack","5000 mAh","Li-Po","15W wired",False,"Fingerprint (side-mounted), accelerometer","FM radio, RDS, recording"
17,"Samsung Galaxy Note20 Ultra 5G","August 2020","1299.00","Single SIM (Nano-SIM) or Hybrid Dual SIM (Nano-SIM, dual stand-by)","Wi-Fi 802.11 a/b/g/n/ac/6, dual-band, Wi-Fi Direct, hotspot","5.0, A2DP, LE, aptX","Yes, with A-GPS, GLONASS, BDS, GALILEO",True,"USB Type-C 3.2, OTG","164.8 x 77.2 x 8.1 mm","208","Glass front (Gorilla Glass Victus), glass back (Gorilla Glass Victus), aluminum frame","Mystic Bronze, Mystic Black, Mystic White","Dynamic AMOLED 2X, 120Hz, HDR10+","6.9 inches","1440 x 3088 pixels","Corning Gorilla Glass Victus","120Hz","Android 10, upgradable to Android 13, One UI 5.1","Exynos 990 (7 nm+) - Global; Qualcomm SM8250 Snapdragon 865+ (7 nm+) - USA","Octa-core (2x2.73 GHz Mongoose M5 & 2x2.50 GHz Cortex-A76 & 4x2.0 GHz Cortex-A55) - Global; Octa-core (1x3.0 GHz Cortex-A77 & 3x2.42 GHz Cortex-A77 & 4x1.8 GHz Cortex-A55) - USA","Mali-G77 MP11 - Global; Adreno 650 - USA","12GB","128GB, 256GB, 512GB","Yes, microSDXC (uses shared SIM slot)","108 MP, f/1.8 (wide) + 12 MP, f/3.0 (periscope telephoto), 5x optical zoom + 12 MP, f/2.2 (ultrawide)","10 MP, f/2.2 (wide)","Stereo speakers, no 3.5mm jack","4500 mAh","Li-Ion","25W wired, 15W wireless",True,"Fingerprint (under display, ultrasonic), accelerometer, gyro, proximity, compass, barometer","IP68 dust/water resistant (up to 1.5m for 30 mins), Stylus support with Bluetooth integration"
18,"Samsung Galaxy S10+","March 2019","999.00","Single SIM (Nano-SIM) or Hybrid Dual SIM (Nano-SIM, dual stand-by)","Wi-Fi 802.11 a/b/g/n/ac/ax, dual-band, Wi-Fi Direct, hotspot","5.0, A2DP, LE, aptX","Yes, with A-GPS, GLONASS, BDS, GALILEO",True,"USB Type-C 3.1, OTG","157.6 x 74.1 x 7.8 mm","175","Glass front (Gorilla Glass 6), glass back (Gorilla Glass 5), aluminum frame","Prism White, Prism Black, Prism Green, Prism Blue, Canary Yellow, Flamingo Pink, Ceramic Black, Ceramic White","Dynamic AMOLED, HDR10+","6.4 inches","1440 x 3040 pixels","Corning Gorilla Glass 6","60Hz","Android 9.0 (Pie), upgradable to Android 12, One UI 4.1","Exynos 9820 (8 nm) - EMEA; Qualcomm Snapdragon 855 (7 nm) - USA/China","Octa-core (2x2.73 GHz Mongoose M4 & 2x2.31 GHz Cortex-A75 & 4x1.95 GHz Cortex-A55) - EMEA; Octa-core (1x2.84 GHz Kryo 485 & 3x2.42 GHz Kryo 485 & 4x1.78 GHz Kryo 485) - USA/China","Mali-G76 MP12 - EMEA; Adreno 640 - USA/China","8GB, 12GB","128GB, 512GB, 1TB","Yes, microSDXC (uses shared SIM slot)","12 MP, f/1.5-2.4 (wide) + 12 MP, f/2.4 (telephoto), 2x optical zoom + 16 MP, f/2.2 (ultrawide)","10 MP, f/1.9 (wide) + 8 MP, f/2.2 (depth)","Stereo speakers, 3.5mm jack","4100 mAh","Li-Ion","15W wired, 15W wireless",True,"Fingerprint (under display, ultrasonic), accelerometer, gyro, proximity, compass, barometer, heart rate, SpO2","IP68 dust/water resistant (up to 1.5m for 30 mins), Samsung DeX support"
19,"Samsung Galaxy A13","March 2022","179.00","Single SIM (Nano-SIM) or Dual SIM (Nano-SIM, dual stand-by)","Wi-Fi 802.11 a/b/g/n/ac, dual-band","5.0, A2DP, LE","Yes, with A-GPS, GLONASS, GALILEO, BDS",True,"USB Type-C 2.0","165.1 x 76.4 x 8.8 mm","195","Glass front (Gorilla Glass 5), plastic back, plastic frame","Black, White, Peach, Blue","PLS LCD","6.6 inches","1080 x 2408 pixels","Corning Gorilla Glass 5","60Hz","Android 12, upgradable to Android 14, One UI 6.1","Exynos 850 (8nm)","Octa-core (4x2.0 GHz Cortex-A55 & 4x2.0 GHz Cortex-A55)","Mali-G52","3GB, 4GB, 6GB","32GB, 64GB, 128GB","Yes, microSDXC (dedicated slot)","50 MP, f/1.8 (wide) + 5 MP, f/2.2 (ultrawide) + 2 MP, f/2.4 (macro) + 2 MP, f/2.4 (depth)","8 MP, f/2.2 (wide)","Loudspeaker, 3.5mm jack","5000 mAh","Li-Po","15W wired",False,"Fingerprint (side-mounted), accelerometer, compass","No official IP rating"
20,"Samsung Galaxy A53 5G","March 2022","449.00","Single SIM (Nano-SIM) or Hybrid Dual SIM (Nano-SIM, dual stand-by)","Wi-Fi 802.11 a/b/g/n/ac, dual-band, Wi-Fi Direct, hotspot","5.1, A2DP, LE","Yes, with A-GPS, GLONASS, GALILEO, BDS",True,"USB Type-C 2.0","159.6 x 74.8 x 8.1 mm","189","Glass front (Gorilla Glass 5), plastic back, plastic frame","Awesome Black, Awesome White, Awesome Blue, Awesome Peach","Super AMOLED, 120Hz","6.5 inches","1080 x 2400 pixels","Corning Gorilla Glass 5","120Hz","Android 12, upgradable to Android 14, One UI 6.1","Exynos 1280 (5 nm)","Octa-core (2x2.4 GHz Cortex-A78 & 6x2.0 GHz Cortex-A55)","Mali-G68","6GB, 8GB","128GB, 256GB","Yes, microSDXC (uses shared SIM slot)","64 MP, f/1.8 (wide), PDAF, OIS + 12 MP, f/2.2 (ultrawide) + 5 MP, f/2.4 (macro) + 5 MP, f/2.4 (depth)","32 MP, f/2.2 (wide)","Stereo speakers, no 3.5mm jack","5000 mAh","Li-Po","25W wired",False,"Fingerprint (under display, optical), accelerometer, gyro, compass","IP67 dust/water resistant (up to 1m for 30 mins)"
21,"Samsung Galaxy A32","February 2021","179.00","Single SIM (Nano-SIM) or Dual SIM (Nano-SIM, dual stand-by)","Wi-Fi 802.11 a/b/g/n/ac, dual-band, Wi-Fi Direct, hotspot","5.0, A2DP, LE","Yes, with A-GPS, GLONASS, GALILEO, BDS",True,"USB Type-C 2.0","158.9 x 73.6 x 8.4 mm","184","Glass front (Gorilla Glass 5), plastic back, plastic frame","Awesome Black, Awesome White, Awesome Blue, Awesome Violet","Super AMOLED, 90Hz","6.4 inches","1080 x 2400 pixels","Corning Gorilla Glass 5","90Hz","Android 11, upgradable to Android 13, One UI 5.1","Mediatek Helio G80 (12 nm)","Octa-core (2x2.0 GHz Cortex-A75 & 6x1.8 GHz Cortex-A55)","Mali-G52 MC2","4GB, 6GB, 8GB","64GB, 128GB","Yes, microSDXC (dedicated slot)","64 MP, f/1.8 (wide) + 8 MP, f/2.2 (ultrawide) + 5 MP, f/2.4 (macro) + 5 MP, f/2.4 (depth)","20 MP, f/2.2 (wide)","Loudspeaker, 3.5mm jack","5000 mAh","Li-Ion","15W wired",False,"Fingerprint (under display, optical), accelerometer, gyro, compass","No official IP rating"
22,"Samsung Galaxy A51","December 2019","399.00","Single SIM (Nano-SIM) or Hybrid Dual SIM (Nano-SIM, dual stand-by)","Wi-Fi 802.11 a/b/g/n/ac, dual-band, Wi-Fi Direct, hotspot","5.0, A2DP, LE","Yes, with A-GPS, GLONASS, GALILEO, BDS",True,"USB Type-C 2.0","158.5 x 73.6 x 7.9 mm","172","Glass front (Gorilla Glass 3), plastic back, plastic frame","Prism Crush Black, Prism Crush White, Prism Crush Blue, Prism Crush Pink","Super AMOLED","6.5 inches","1080 x 2400 pixels","Corning Gorilla Glass 3","60Hz","Android 10, upgradable to Android 13, One UI 5.1","Exynos 9611 (10 nm)","Octa-core (4x2.3 GHz Cortex-A73 & 4x1.7 GHz Cortex-A53)","Mali-G72 MP3","4GB, 6GB, 8GB","64GB, 128GB, 256GB","Yes, microSDXC (uses shared SIM slot)","48 MP, f/2.0 (wide) + 12 MP, f/2.2 (ultrawide) + 5 MP, f/2.4 (macro) + 5 MP, f/2.2 (depth)","32 MP, f/2.2 (wide)","Loudspeaker, 3.5mm jack","4000 mAh","Li-Po","15W wired",False,"Fingerprint (under display, optical), accelerometer, gyro, proximity, compass","No official IP rating"
23,"Samsung Galaxy A14","March 2023","179.00","Single SIM (Nano-SIM) or Dual SIM (Nano-SIM, dual stand-by)","Wi-Fi 802.11 a/b/g/n/ac, dual-band, Wi-Fi Direct","5.1 or 5.3, A2DP, LE","Yes, with A-GPS, GLONASS, GALILEO, BDS, QZSS",True,"USB Type-C 2.0","167.7 x 78.0 x 9.1 mm","201","Glass front, plastic back, plastic frame","Black, Dark Red, Silver, Green","PLS LCD","6.6 inches","1080 x 2408 pixels",NULL,"60Hz","Android 13, One UI Core 5","Mediatek MT6769 Helio G80 (12 nm) or Exynos 850 (8 nm)","Octa-core (2x2.0 GHz Cortex-A75 & 6x1.8 GHz Cortex-A55) or Octa-core (4x2.0 GHz Cortex-A55 & 4x2.0 GHz Cortex-A55)","Mali-G52 MC2","4GB, 6GB","64GB, 128GB","Yes, microSDXC (dedicated slot)","50 MP, f/1.8 (wide), PDAF + 5 MP, f/2.2 (ultrawide) + 2 MP, f/2.4 (macro)","13 MP, f/2.0 (wide)","Loudspeaker, 3.5mm jack","5000 mAh","Li-Po","15W wired",False,"Fingerprint (side-mounted), accelerometer, proximity, compass","No official IP rating"
24,"Samsung Galaxy M35","July 2024","349.00","Dual SIM (Nano-SIM, dual stand-by)","Wi-Fi 802.11 a/b/g/n/ac/6, dual-band, Wi-Fi Direct, hotspot","5.3, A2DP, LE","Yes, with A-GPS, GLONASS, GALILEO, BDS, QZSS",True,"USB Type-C 2.0, OTG","162.3 x 78.6 x 9.1 mm","222","Glass front (Gorilla Glass Victus+), plastic frame, glass back","Thunder Grey, DayBreak Blue, Moonlight Blue","Super AMOLED, 120Hz","6.6 inches","1080 x 2340 pixels","Corning Gorilla Glass Victus+","120Hz","Android 14, One UI 6.1","Exynos 1380 (5 nm)","Octa-core (4x2.4 GHz Cortex-A78 & 4x2.0 GHz Cortex-A55)","Mali-G68 MP5","6GB, 8GB, 12GB","128GB, 256GB","Yes, microSDXC (uses shared SIM slot)","50 MP, f/1.8 (wide), PDAF, OIS + 8 MP, f/2.2 (ultrawide) + 5 MP, f/2.4 (macro)","13 MP, f/2.2 (wide)","Stereo speakers, no 3.5mm jack","6000 mAh","Li-Po","25W wired",False,"Fingerprint (side-mounted), accelerometer, gyro, proximity, compass","IP67 dust/water resistant (up to 1m for 30 mins)"
25,"Samsung Galaxy S20","March 2020","999.00","Single SIM (Nano-SIM) or Hybrid Dual SIM (Nano-SIM, dual stand-by)","Wi-Fi 802.11 a/b/g/n/ac/ax, dual-band, Wi-Fi Direct, hotspot","5.0, A2DP, LE, aptX","Yes, with A-GPS, GLONASS, BDS, GALILEO",True,"USB Type-C 3.2","151.7 x 69.1 x 7.9 mm","163","Glass front (Gorilla Glass 6), glass back (Gorilla Glass 6), aluminum frame","Cosmic Grey, Cloud Blue, Cloud Pink, Cloud White, Aura Red","Dynamic AMOLED 2X, 120Hz, HDR10+","6.2 inches","1440 x 3200 pixels","Corning Gorilla Glass 6","120Hz","Android 10, upgradable to Android 13, One UI 5","Exynos 990 (7 nm+) - Global; Qualcomm Snapdragon 865 (7 nm+) - USA","Octa-core (2x2.73 GHz Mongoose M5 & 2x2.50 GHz Cortex-A76 & 4x2.0 GHz Cortex-A55) - Global; Octa-core (1x2.84 GHz Kryo 585 & 3x2.42 GHz Kryo 585 & 4x1.8 GHz Kryo 585) - USA","Mali-G77 MP11 - Global; Adreno 650 - USA","8GB (LTE model), 12GB (5G model)","128GB","Yes, microSDXC (uses shared SIM slot)","12 MP, f/1.8 (wide), Dual Pixel PDAF, OIS + 64 MP, f/2.0 (telephoto), PDAF, OIS, 3x hybrid zoom + 12 MP, f/2.2 (ultrawide), Super Steady video","10 MP, f/2.2 (wide), Dual Pixel PDAF","Stereo speakers, no 3.5mm jack","4000 mAh","Li-Po","25W wired, 15W wireless",True,"Fingerprint (under display, ultrasonic), accelerometer, gyro, proximity, compass, barometer","IP68 dust/water resistant (up to 1.5m for 30 mins)"
26,"Samsung Galaxy S20 FE 5G","October 2020","699.00","Single SIM (Nano-SIM) or Hybrid Dual SIM (Nano-SIM, dual stand-by)","Wi-Fi 802.11 a/b/g/n/ac/6, dual-band, Wi-Fi Direct, hotspot","5.0, A2DP, LE","Yes, with A-GPS, GLONASS, GALILEO, BDS",True,"USB Type-C 3.2","159.8 x 74.5 x 8.4 mm","190","Glass front (Gorilla Glass 3), plastic back, aluminum frame","Cloud Lavender, Cloud Mint, Cloud Navy, Cloud White, Cloud Red, Cloud Orange","Super AMOLED, 120Hz, HDR10+","6.5 inches","1080 x 2400 pixels","Corning Gorilla Glass 3","120Hz","Android 10, upgradable to Android 13, One UI 5","Qualcomm Snapdragon 865 (7 nm+)","Octa-core (1x2.84 GHz Kryo 585 & 3x2.42 GHz Kryo 585 & 4x1.8 GHz Kryo 585)","Adreno 650","6GB, 8GB","128GB, 256GB","Yes, microSDXC (uses shared SIM slot)","12 MP, f/1.8 (wide), Dual Pixel PDAF, OIS + 8 MP, f/2.4 (telephoto), PDAF, OIS, 3x optical zoom + 12 MP, f/2.2 (ultrawide)","32 MP, f/2.2 (wide)","Stereo speakers, no 3.5mm jack","4500 mAh","Li-Ion","25W wired, 15W wireless",True,"Fingerprint (under display, optical), accelerometer, gyro, proximity, compass","IP68 dust/water resistant (up to 1.5m for 30 mins)"
27,"Samsung Galaxy S20 FE 5G","October 2020","699.00","Single SIM (Nano-SIM) or Hybrid Dual SIM (Nano-SIM, dual stand-by)","Wi-Fi 802.11 a/b/g/n/ac/6, dual-band, Wi-Fi Direct, hotspot","5.0, A2DP, LE","Yes, with A-GPS, GLONASS, GALILEO, BDS",True,"USB Type-C 3.2","159.8 x 74.5 x 8.4 mm","190","Glass front (Gorilla Glass 3), plastic back, aluminum frame","Cloud Lavender, Cloud Mint, Cloud Navy, Cloud White, Cloud Red, Cloud Orange","Super AMOLED, 120Hz, HDR10+","6.5 inches","1080 x 2400 pixels","Corning Gorilla Glass 3","120Hz","Android 10, upgradable to Android 13, One UI 5","Qualcomm Snapdragon 865 (7 nm+)","Octa-core (1x2.84 GHz Kryo 585 & 3x2.42 GHz Kryo 585 & 4x1.8 GHz Kryo 585)","Adreno 650","6GB, 8GB","128GB, 256GB","Yes, microSDXC (uses shared SIM slot)","12 MP, f/1.8 (wide), Dual Pixel PDAF, OIS + 8 MP, f/2.4 (telephoto), PDAF, OIS, 3x optical zoom + 12 MP, f/2.2 (ultrawide)","32 MP, f/2.2 (wide)","Stereo speakers, no 3.5mm jack","4500 mAh","Li-Ion","25W wired, 15W wireless",True,"Fingerprint (under display, optical), accelerometer, gyro, proximity, compass","IP68 dust/water resistant (up to 1.5m for 30 mins)"
28,"Samsung Galaxy S20 Ultra 5G","March 2020","1399.00","Single SIM (Nano-SIM) or Hybrid Dual SIM (Nano-SIM, dual stand-by)","Wi-Fi 802.11 a/b/g/n/ac/ax, dual-band, Wi-Fi Direct, hotspot","5.0, A2DP, LE, aptX","Yes, with A-GPS, GLONASS, BDS, GALILEO",True,"USB Type-C 3.2","166.9 x 76.0 x 8.8 mm","222","Glass front (Gorilla Glass 6), glass back (Gorilla Glass 6), aluminum frame","Cosmic Black, Cosmic Grey","Dynamic AMOLED 2X, 120Hz, HDR10+","6.9 inches","1440 x 3200 pixels","Corning Gorilla Glass 6","120Hz","Android 10, upgradable to Android 13, One UI 5.1","Exynos 990 (7 nm+) - Global; Qualcomm Snapdragon 865 (7 nm+) - USA","Octa-core (2x2.73 GHz Mongoose M5 & 2x2.60 GHz Cortex-A76 & 4x2.0 GHz Cortex-A55) - Global; Octa-core (1x2.84 GHz Kryo 585 & 3x2.42 GHz Kryo 585 & 4x1.8 GHz Kryo 585) - USA","Mali-G77 MP11 - Global; Adreno 650 - USA","12GB, 16GB","128GB, 256GB, 512GB","Yes, microSDXC (uses shared SIM slot)","108 MP, f/1.8 (wide), PDAF, OIS + 48 MP, f/3.5 (periscope telephoto), PDAF, OIS, 4x optical zoom + 12 MP, f/2.2 (ultrawide) + 0.3 MP, TOF 3D (depth)","40 MP, f/2.2 (wide), PDAF","Stereo speakers, no 3.5mm jack","5000 mAh","Li-Po","45W wired, 15W wireless",True,"Fingerprint (under display, ultrasonic), accelerometer, gyro, proximity, compass, barometer","IP68 dust/water resistant (up to 1.5m for 30 mins)"
29,"Samsung Galaxy Note10+","August 2019","1099.00","Single SIM (Nano-SIM) or Hybrid Dual SIM (Nano-SIM, dual stand-by)","Wi-Fi 802.11 a/b/g/n/ac/ax, dual-band, Wi-Fi Direct, hotspot","5.0, A2DP, LE, aptX","Yes, with A-GPS, GLONASS, BDS, GALILEO",True,"USB Type-C 3.1","162.3 x 77.2 x 7.9 mm","196","Glass front (Gorilla Glass 6), glass back (Gorilla Glass 6), aluminum frame","Aura Glow, Aura White, Aura Black, Aura Blue","Dynamic AMOLED, HDR10+","6.8 inches","1440 x 3040 pixels","Corning Gorilla Glass 6","60Hz","Android 9.0 (Pie), upgradable to Android 12, One UI 4.1","Exynos 9825 (7 nm) - EMEA; Qualcomm Snapdragon 855 (7 nm) - USA/China","Octa-core (2x2.73 GHz Mongoose M4 & 2x2.4 GHz Cortex-A75 & 4x1.9 GHz Cortex-A55) - EMEA; Octa-core (1x2.84 GHz Kryo 485 & 3x2.42 GHz Kryo 485 & 4x1.78 GHz Kryo 485) - USA/China","Mali-G76 MP12 - EMEA; Adreno 640 - USA/China","12GB","256GB, 512GB","Yes, microSDXC (uses shared SIM slot)","12 MP, f/1.5-2.4 (wide), Dual Pixel PDAF, OIS + 12 MP, f/2.1 (telephoto), PDAF, OIS, 2x optical zoom + 16 MP, f/2.2 (ultrawide) + 0.3 MP, TOF 3D (depth)","10 MP, f/2.2 (wide), Dual Pixel PDAF","Stereo speakers, no 3.5mm jack","4300 mAh","Li-Ion","45W wired, 15W wireless",True,"Fingerprint (under display, ultrasonic), accelerometer, gyro, proximity, compass, barometer","IP68 dust/water resistant (up to 1.5m for 30 mins), S Pen stylus"
30,"Samsung Galaxy Tab A9","October 2023","159.00","Nano SIM","Wi-Fi 802.11 a/b/g/n/ac, dual-band","5.3, A2DP, LE","Yes, with GPS, GLONASS, BDS, GALILEO, QZSS",False,"USB Type-C 2.0","211 x 124.7 x 8 mm","333","Glass front, plastic back, plastic frame","Silver, Gray, Blue","TFT LCD","8.7 inches","800 x 1340 pixels",NULL,"60Hz","Android 14, One UI 6","Mediatek Helio G99 (6nm)","Octa-core (2x2.2 GHz Cortex-A76 & 6x2.0 GHz Cortex-A55)","Mali-G57 MC2","4GB, 8GB","64GB, 128GB","Yes, microSDXC (dedicated slot)","8 MP","2 MP","Stereo speakers, 3.5mm jack","5100 mAh","Li-Po","15W wired",False,"Accelerometer, compass","No official IP rating"
